Temple,Status,Latitude,Longitude,LatitudeDegrees,LongitudeDegress,Address,City,State,Postal Code,Country,Phone
Aba Nigeria Temple,Dedicated,5.14764400,7.35671900,5°8'51"N,7°21'24"E,Okpu-Umuoba Road Off Aba-Owerri Road at Union Bank,Aba,Abia State,,Nigeria,(+234) 80-3903-4804
Abidjan Ivory Coast Temple,Under Construction,5.36230700,-3.97686500,5°21'44"N,3°58'36"W,,Abidjan,,,Cote d'Ivoire,
Accra Ghana Temple,Dedicated,5.56749000,-0.19370600,5°34'2"N,-0°11'37"E,57 Independence Avenue North Ridge PMB CT 209 Cantonments,Accra,,,Ghana,(+233) 302-650-123
Adelaide Australia Temple,Dedicated,-34.89247300,138.63500200,34°53'32"S,138°38'6"E,53-59 Lower Portrush Road,Marden,South Australia,5070,Australia,(+61) 8-8363-8000
Alabang Philippines Temple,Under Construction,14.41291300,121.03783800,14°24'46"N,121°2'16"E,Filinvest Avenue and Corporate Avenue Alabang,Muntinlupa,Metro Manila,,Philippines,
Albuquerque New Mexico Temple,Dedicated,35.16768400,-106.52530100,35°10'3"N,106°31'31"W,10301 San Francisco Drive NE,Albuquerque,New Mexico,87122-3437,United States,(+1) 505-822-5110
Anchorage Alaska Temple,Dedicated,61.10162700,-149.84051200,61°6'5"N,149°50'25"W,13161 Brayton Drive,Anchorage,Alaska,99516,United States,(+1) 907-348-7890
Antofagasta Chile Temple,Under Construction,-23.57189100,-70.39452500,23°34'18"S,70°23'40"W,Avenida de Las Palmeras 44,Antofagasta,,,Chile,
Apia Samoa Temple,Dedicated,-13.83806400,-171.78303400,13°50'17"S,171°46'58"W,Vaitele Street,Pesega,Apia,,Samoa,(+685) 64-230
Arequipa Peru Temple,Dedicated,-16.37520300,-71.53847700,16°22'30"S,71°32'18"W,Avenida Cusco 380 Carmen Alto,Arequipa,Arequipa,,Peru,(+51) 54-640-300
Asunción Paraguay Temple,Dedicated,-25.28791600,-57.60286900,25°17'16"S,57°36'10"W,Esquina Brasilia y España,Asunción,,1441,Paraguay,(+595) 21-216-92
Atlanta Georgia Temple,Dedicated,33.93189600,-84.36239400,33°55'54"N,84°21'44"W,6450 Barfield Road NE,Sandy Springs,Georgia,30328-4283,United States,(+1) 770-393-3698
Auckland New Zealand Temple,Under Construction,-36.99322700,174.89019100,36°59'35"S,174°53'24"E,Redoubt Road Manukau,Auckland,,,New Zealand,
Austin Texas Temple,Announced,30.51681449,-97.79687000,30°31'0"N,97°47'48"W,1801 East Park Street,Cedar Park,Texas,,United States,
Bacolod Philippines Temple,Under Construction,10.69664800,122.98945500,10°41'47"N,122°59'22"E,Bacolod Airport Access Road (north of Buri Road),Bacolod,,,Philippines,
Bahía Blanca Argentina Temple,Under Construction,-38.69117000,-62.23593700,38°41'28"S,62°14'9"W,Avenida Alberto Pedro Cabrera Aldea Romana,Bahia Blanca,,,Argentina,
Bangkok Thailand Temple,Under Construction,13.74949100,100.56252700,13°44'58"N,100°33'45"E,1645/6 New Petchaburi Road Makkasan Ratchathewi,Bangkok,,10400,Thailand,
Barcelona Spain Temple,Announced,41.48746553,2.06931235,41°29'14"N,2°4'9"E,Avinguda de la Vía Augusta y Avinguda de la Clota,Sant Cugat del Vallès,Barcelona,,Spain,
Barranquilla Colombia Temple,Dedicated,11.01679800,-74.86261000,11°1'0"N,74°51'45"W,Carrera 30 No. 1-1481 Villa Campestre,Barranquilla,Atlántico,,Colombia,(+57) 5-310-0200
Baton Rouge Louisiana Temple,Dedicated,30.36266400,-91.10838500,30°21'45"N,91°6'30"W,10339 Highland Road,Baton Rouge,Louisiana,70810,United States,(+1) 225-769-1197
Belém Brazil Temple,Dedicated,-1.38724200,-48.45989400,1°23'14"S,48°27'35"W,Av. Centenário da Assembleia de Deus 2200 Parque Verde,Belém,Pará,66635-894,Brazil,
Belo Horizonte Brazil Temple,Announced,-19.88029952,-43.97860400,19°52'49"S,43°58'42"W,Rua Professor Jose Vieira de Mendonça Engenho Nogueira,Belo Horizonte,Minas Gerais,,Brazil,
Bengaluru India Temple,Under Construction,12.99209600,77.70471400,12°59'31"N,77°42'16"E,2-B Whitefield Main Road Garudachar Palya Mahadevapura,Bengaluru,Karnataka,560048,India,
Bentonville Arkansas Temple,Under Construction,36.38500576,-94.18325500,36°23'6"N,94°10'59"W,1105 McCollum Drive,Bentonville,Arkansas,,United States,
Bern Switzerland Temple,Dedicated,47.00219200,7.45824400,47°0'7"N,7°27'29"E,Tempelstrasse 2,Zollikofen,Bern,CH-3052,Switzerland,(+41) 31-915-5252
Billings Montana Temple,Dedicated,45.80050500,-108.63939000,45°48'1"N,108°38'21"W,3100 Rim Point Drive,Billings,Montana,59106-1386,United States,(+1) 406-655-0607
Birmingham Alabama Temple,Dedicated,33.67462300,-86.82123600,33°40'28"N,86°49'16"W,1927 Mount Olive Boulevard,Gardendale,Alabama,35071,United States,(+1) 205-631-3444
Bismarck North Dakota Temple,Dedicated,46.83888900,-100.81397900,46°50'20"N,100°48'50"W,2930 Cody Drive,Bismarck,North Dakota,58503,United States,(+1) 701-258-9590
Bogotá Colombia Temple,Dedicated,4.70780100,-74.05624700,4°42'28"N,74°3'22"W,Carrera 46 no. 127?45,Bogotá,Distrito,Capital,Colombia,(+57) 1-625-8000
Boise Idaho Temple,Dedicated,43.59352300,-116.27503400,43°35'36"N,116°16'30"W,1211 South Cole Road,Boise,Idaho,83709-1871,United States,(+1) 208-322-4422
Boston Massachusetts Temple,Dedicated,42.41200200,-71.18809100,42°24'43"N,71°11'17"W,100 Hinckley Way (formerly 86 Frontage Road),Belmont,Massachusetts,02478-2135,United States,(+1) 617-993-9993
Bountiful Utah Temple,Dedicated,40.88285300,-111.84681200,40°52'58"N,111°50'48"W,640 South Bountiful Boulevard,Bountiful,Utah,84010-1394,United States,(+1) 801-296-2100
Brasília Brazil Temple,Under Construction,-15.74783500,-47.88094500,15°44'52"S,47°52'51"W,GA/Norte Quadra 612 ? Lote ,Brasília,Distrito Federal,,Brazil,
Brigham City Utah Temple,Dedicated,41.50537600,-112.01659200,41°30'19"N,112°0'59"W,250 South Main Street,Brigham City,Utah,84302-2120,United States,(+1) 435-695-2170
Brisbane Australia Temple,Dedicated,-27.48088600,153.03384100,27°28'51"S,153°2'1"E,200 River Terrace,Kangaroo Point,Queensland,4169,Australia,(+61) 7-3240-3600
Buenos Aires Argentina Temple,Dedicated,-34.72928600,-58.51822500,34°43'45"S,58°31'5"W,Autopista Richieri y Puente 13 Ciudad Evita,Buenos Aires,,B1778 DUA,Argentina,(+54) 11-4693-9700
Burley Idaho Temple,Under Construction,42.52659109,-113.76484100,42°31'35"N,113°45'53"W,40 South and 150 East,Burley,Idaho,,United States,
Calgary Alberta Temple,Dedicated,51.14086100,-114.23330000,51°8'27"N,114°13'59"W,9802 Rocky Ridge Road NW,Calgary,Alberta,T3G 5J7,Canada,(+1) 403-241-4250
Cali Colombia Temple,Announced,3.48698324,-76.52149900,3°29'13"N,76°31'17"W,Calle 50 Norte and Avenida 4a Norte La Flora,Cali,,,Colombia,
Campinas Brazil Temple,Dedicated,-22.89653400,-47.00113300,22°53'47"S,47°0'4"W,Rua James Esdras Faust 400 Notre Dame,Campinas,São Paulo,13092-820,Brazil,(+55) 19-2102-5800
Cape Town South Africa Temple,Announced,-33.94114387,18.47977490,33°56'28"S,18°28'47"E,3 Liesbeek Road Observatory,Cape Town,,,South Africa,
Caracas Venezuela Temple,Dedicated,10.47084900,-66.83729300,10°28'15"N,66°50'14"W,Avenida C con Calle C-1 Urbanización Caurimare,Caracas,Distrito Federal,1062-A,Venezuela,(+58) 212-981-1873
Cardston Alberta Temple,Dedicated,49.19835000,-113.30939400,49°11'54"N,113°18'33"W,348 3rd Street West,Cardston,Alberta,T0K 0K0,Canada,(+1) 403-653-3552
Casper Wyoming Temple,Under Construction,42.80908928,-106.36181400,42°48'32"N,106°21'42"W,2905 Independence Court,Casper,Wyoming,82604,United States,
Cebu City Philippines Temple,Dedicated,10.32765900,123.89829900,10°19'39"N,123°53'53"E,Gorordo Avenue Barangay Lahug,Cebu City,Cebu,6000,Philippines,(+63) 32-230-1207
Cedar City Utah Temple,Dedicated,37.67173400,-113.09627100,37°40'18"N,113°5'46"W,280 S Cove Dr,Cedar City,Utah, 84720,United States,(+1) 435-572-4150
Chicago Illinois Temple,Dedicated,42.08682900,-87.85950100,42°5'12"N,87°51'34"W,4151 West Lake Avenue,Glenview,Illinois,60025-1240,United States,(+1) 847-299-6500
Ciudad Juárez Mexico Temple,Dedicated,31.73626900,-106.46320900,31°44'10"N,106°27'47"W,Calle Paraguay #290 Esquina José Borunda Colonia Partido Romero,Ciudad Juárez,Chihuahua,32177,Mexico,(+52) 656-611-5146
Cleveland Ohio Temple,Announced,41.39986912,-81.63682600,41°23'59"N,81°38'12"W,Brecksville Road (south of Longano Drive),Independence,Ohio,44131,United States,
Cobán Guatemala Temple,Under Construction,15.45907700,-90.36516600,15°27'32"N,90°21'54"W,4a. Avenida 4-48 Zona 8 Barrio Bella Vista,Cobán,Alta Verapaz,,Guatemala,
Cochabamba Bolivia Temple,Dedicated,-17.36364400,-66.14764400,17°21'49"S,66°8'51"W,Avenida Melchor Urquidi 1500 Alto Queru Queru,Cochabamba,Cochabamba,,Bolivia,(+591) 4-429-3161
Colonia Juárez Chihuahua Mexico Temple,Dedicated,30.30525100,-108.08203800,30°18'18"N,108°4'55"W,Calles Chihuahua y Díaz,Colonia Juárez,Chihuahua,31857,Mexico,(+52) 636-695-0144
Columbia River Washington Temple,Dedicated,46.22673300,-119.27489300,46°13'36"N,119°16'29"W,969 Gage Boulevard,Richland,Washington,99352,United States,(+1) 509-628-0990
Columbia South Carolina Temple,Dedicated,33.95963800,-80.89398100,33°57'34"N,80°53'38"W,2905 Trotter Road,Hopkins,South Carolina,29061-9573,United States,(+1) 803-647-9472
Columbus Ohio Temple,Dedicated,39.99408900,-83.11321400,39°59'38"N,83°6'47"W,3870 Gateway Boulevard,Columbus,Ohio,43228,United States,(+1) 614-351-5001
Concepción Chile Temple,Dedicated,-36.85149900,-73.04996600,36°51'5"S,73°2'59"W,1525 Pedro de Valdivia,Concepción,Bío-Bío,,Chile,(+56) 41-383-4700
Copenhagen Denmark Temple,Dedicated,55.69267700,12.53392000,55°41'33"N,12°32'2"E,Priorvej 12,Frederiksberg,,DK-2000,Denmark,(+45) 38-18-1818
Córdoba Argentina Temple,Dedicated,-31.35887300,-64.24580900,31°21'31"S,64°14'44"W,Avenida Pedro Simón Laplace 5637 Villa Belgrano,Córdoba,,,Argentina,(+54) 354-340-6200
Curitiba Brazil Temple,Dedicated,-25.44130400,-49.34213800,25°26'28"S,49°20'31"W,Rua Deputado Heitor Alencar Furtado 3641 Mossunguê,Curitiba,Paraná,81200-110,Brazil,(+55) 41-3204-6650
Dallas Texas Temple,Dedicated,32.91428800,-96.79652500,32°54'51"N,96°47'47"W,6363 Willow Lane,Dallas,Texas,75230-2227,United States,(+1) 972-991-1273
Davao Philippines Temple,Under Construction,7.08859700,125.57975500,7°5'18"N,125°34'47"E,Ma-a Road and Anahaw Road Barangay Ma-a,Davao City,Davao del Sur,8000,Philippines,
Denver Colorado Temple,Dedicated,39.56869800,-104.96578200,39°34'7"N,104°57'56"W,2001 East Phillips Circle,Centennial,Colorado,80122,United States,(+1) 303-730-0220
Deseret Peak Utah Temple,Under Construction,40.57024300,-112.31522000,40°34'12"N,112°18'54"W,West of 2400 North 400 West,Tooele,Utah,84074,United States,
Detroit Michigan Temple,Dedicated,42.56626600,-83.22998300,42°33'58"N,83°13'47"W,37425 Woodward Avenue,Bloomfield Hills,Michigan,48304,United States,(+1) 248-593-0690
Draper Utah Temple,Dedicated,40.49589300,-111.84074800,40°29'45"N,111°50'26"W,14065 Canyon Vista Lane,Draper,Utah,84020-5626,United States,(+1) 801-576-4240
Durban South Africa Temple,Dedicated,-29.70845500,31.07367100,29°42'30"S,31°4'25"E,2 Izinga Drive Izinga Ridge,Umhlanga,KwaZulu-Natal,4021,South Africa,(+27) 31-140-024
Edmonton Alberta Temple,Dedicated,53.48959300,-113.57053800,53°29'22"N,113°34'13"W,14325 53rd Avenue NW,Edmonton,Alberta,T6H 5G6,Canada,(+1) 780-434-7436
Elko Nevada Temple,Under Construction,40.85249525,-115.75008400,40°51'8"N,115°45'0"W,Ruby Vista Drive,Elko,Nevada,,United States,
Ephraim Utah Temple,Under Construction,39.36353987,-111.57600000,39°21'48"N,111°34'33"W,200 North and 400 East,Ephraim,Utah,,United States,
Farmington New Mexico Temple,Under Construction,36.76909739,-108.16546040,36°46'8"N,108°9'55"W,4400 College Boulevard,Farmington,New Mexico,,United States,
Feather River California Temple,Under Construction,39.14634400,-121.63996300,39°8'46"N,121°38'23"W,1470 Butte House Road,Yuba City,California,95993,United States,
Fort Collins Colorado Temple,Dedicated,40.49426900,-105.03868500,40°29'39"N,105°2'19"W,2180 Majestic Drive,Fort Collins,Colorado,,United States,(+1) 970-797-4630
Fort Lauderdale Florida Temple,Dedicated,26.07089900,-80.35572700,26°4'15"N,80°21'20"W,3901 SW 154th Avenue,Davie,Florida,33331,United States,(+1) 954-382-8390
Fort Worth Texas Temple,Announced,32.51684225,-97.35750680,32°31'0"N,97°21'27"W,North of SW Hulen Street and Greenridge Drive,Burleson,Texas,,United States,
Fortaleza Brazil Temple,Dedicated,-3.74784700,-38.46101000,3°44'52"S,38°27'39"W,Avenida Santos Dumont 7771,Fortaleza,Ceará,60177-415,Brazil,(+55) 85-3533-7150
Frankfurt Germany Temple,Dedicated,50.25824600,8.64131600,50°15'29"N,8°38'28"E,Talstrasse 10,Friedrichsdorf,Hessen,DE-61381,Germany,(+49) 6172-59000
Freetown Sierra Leone Temple,Under Construction,8.38763235,-13.13875930,8°23'15"N,13°8'19"W,Jui Road Kossoh Town,Freetown,,,Sierra Leone,
Freiberg Germany Temple,Dedicated,50.92231500,13.32254100,50°55'20"N,13°19'21"E,Hainichener Strasse 64,Freiberg,Sachsen,DE-09599,Germany,(+49) 3731-35960
Fresno California Temple,Dedicated,36.82825700,-119.85291100,36°49'41"N,119°51'10"W,6290 North Valentine Avenue,Fresno,California,93711,United States,(+1) 559-437-9451
Fukuoka Japan Temple,Dedicated,33.57261800,130.39170400,33°34'21"N,130°23'30"E,9-15 Hirao Johsui Machi Chuo-ku,Fukuoka-shi,Fukuoka-ken,810-0029,Japan,(+81) 92-525-8255
Gilbert Arizona Temple,Dedicated,33.29137800,-111.73736500,33°17'28"N,111°44'14"W,3301 S Greenfield Rd,Gilbert,Arizona,85297,United States,(+1) 480-822-5000
Grand Junction Colorado Temple,Under Construction,39.10144203,-108.55114400,39°6'5"N,108°33'4"W,Horizon Drive and North 12th Street,Grand Junction,Colorado,,United States,
Grand Rapids Michigan Temple,Announced,42.91993061,-85.55830430,42°55'11"N,85°33'29"W,2400 Forest Hill Avenue SE,Grand Rapids,Michigan,,United States,
Guadalajara Mexico Temple,Dedicated,20.66155000,-103.42307000,20°39'41"N,103°25'23"W,Avenida Patria no. 879 Fraccionamiento Jardines Tepeyac,Zapopán,Jalisco,45030,Mexico,(+52) 33-3125-1283
Guatemala City Guatemala Temple,Dedicated,14.58330300,-90.48557600,14°34'59"N,90°29'8"W,24 Avenida 2-20 Zona 15 Vista Hermosa 1,Guatemala City,Guatemala,,Guatemala,(+502) 2369-3426
Guayaquil Ecuador Temple,Dedicated,-2.15624600,-79.90487700,2°9'22"S,79°54'17"W,Calle 6ta y Avenida Rodrigo Chávez González Principado de las Lomas,Urdesa Norte,Guayaquil,,Ecuador,(+593) 4-371-8100
Halifax Nova Scotia Temple,Dedicated,44.66999000,-63.48903800,44°40'11"N,63°29'20"W,44 Cumberland Drive,Dartmouth,Nova Scotia,B2V 1P1,Canada,(+1) 902-434-6920
Hamilton New Zealand Temple,Dedicated,-37.82639700,175.22488500,37°49'35"S,175°13'29"E,509 Tuhikaramea Road Temple View,Hamilton,, 3218,New Zealand,(+64) 7-846-2750
Harare Zimbabwe Temple,Under Construction,-17.80408500,31.08242600,17°48'14"S,31°4'56"E,65 Enterprise Road Highlands,Harare,,,Zimbabwe,
Hartford Connecticut Temple,Dedicated,41.73780896,-72.84452800,41°44'16"N,72°50'40"W,2 Central Way,Farmington,Connecticut,06032,United States,(+1) 860-773-7200
Heber Valley Utah Temple,Under Construction,40.50665493,-111.38928400,40°30'23"N,111°23'21"W,E Center St,Heber City,Utah,,United States,
Helena Montana Temple,Under Construction,46.63372488,-112.01924000,46°38'1"N,112°1'9"W,1260 Otter Road,Helena,Montana,,United States,
Helsinki Finland Temple,Dedicated,60.22519300,24.78178500,60°13'30"N,24°46'54"E,Leppäsillantie 3,Espoo,,FI-02620,Finland,(+358) 9-849-3710
Hermosillo Sonora Mexico Temple,Dedicated,29.10254800,-110.94687000,29°6'9"N,110°56'48"W,General Pedro García Conde no. 303 Esquina Con Juan José Ríos Colonia Pitic,Hermosillo,Sonora,83150,Mexico,(+52) 662-210-5660
Hong Kong China Temple,Dedicated,22.34045000,114.17733600,22°20'25"N,114°10'38"E,2 Cornwall Street Kowloon Tong,Kowloon City,,,Hong Kong,(+852) 2339-8100
Houston Texas Temple,Dedicated,29.99972900,-95.53303800,29°59'59"N,95°31'58"W,15725 Champion Forest Drive,Spring,Texas,77379-7036,United States,(+1) 281-376-6804
Idaho Falls Idaho Temple,Dedicated,43.49981900,-112.04150000,43°29'59"N,112°2'29"W,1000 Memorial Drive,Idaho Falls,Idaho,83402-3497,United States,(+1) 208-522-7669
Indianapolis Indiana Temple,Dedicated,39.95558800,-86.16574100,39°57'20"N,86°9'56"W,11565 Temple Dr,Carmel,Indiana,,United States,(+1) 317-993-3800
Johannesburg South Africa Temple,Dedicated,-26.17805100,28.03919500,26°10'40"S,28°2'21"E,7 Jubilee Road Parktown,Johannesburg,, 2193,South Africa,(+27) 11-645-1540
Jordan River Utah Temple,Dedicated,40.56635400,-111.93141700,40°33'58"N,111°55'53"W,10200 South 1300 West,South Jordan,Utah,84095-8814,United States,(+1) 801-254-3003
Kansas City Missouri Temple,Dedicated,39.22047300,-94.50133100,39°13'13"N,94°30'4"W,7001 Searcy Creek Parkway,Kansas City,Missouri,,United States,(+1) 816-413-1430
Kaohsiung Taiwan Temple,Announced,22.65074330,120.34551240,22°39'2"N,120°20'43"E,Dachang Road and Dehua Street Niaosong District,Kaohsiung,,,Taiwan,
Kinshasa Democratic Republic of the Congo Temple,Dedicated,-4.32747800,15.27371000,4°19'38"S,15°16'25"E,Avenue de l'OUA Commune de Ngaliema,Kinshasa,,,Democratic Republic of the Congo,(+243) 815-590-060
Knoxville Tennessee Temple,Announced,35.86456549,-84.21823710,35°51'52"N,84°13'5"W,13001 Kingston Pike,Farragut,Tennessee,37934,United States,
Kona Hawaii Temple,Dedicated,19.64161400,-155.98552400,19°38'29"N,155°59'7"W,75-230 Kalani Street,Kailua Kona,Hawaii,96740-1833,United States,(+1) 808-331-8504
Kyiv Ukraine Temple,Dedicated,50.40451700,30.39556500,50°24'16"N,30°23'44"E,1 Yabluneva Street v. Sofiivs'ka Borshchagivka,Kyevo-Sviatoshyns'ky Rayon,Kyivs'ka Oblast,08131,Ukraine,(+380) 44-371-4088
Laie Hawaii Temple,Dedicated,21.64720700,-157.93065800,21°38'49"N,157°55'50"W,55-600 Naniloa Loop,Laie,Hawaii,96762-1299,United States,(+1) 808-293-2427
Las Vegas Nevada Temple,Dedicated,36.17459700,-115.02005200,36°10'28"N,115°1'12"W,827 Temple View Drive,Las Vegas,Nevada,89110-2920,United States,(+1) 702-452-5011
Layton Utah Temple,Under Construction,41.06169900,-111.93837900,41°3'42"N,111°56'18"W,1400 East Oakhills Drive (approximate),Layton,Utah,84040,United States,
Lima Peru Los Olivos Temple,Under Construction,-12.01999200,-77.05423700,12°1'11"S,77°3'15"W,Eloy Espinoza Urbanización Ingenieria San Martín de Porres,Lima,Lima,,Peru,
Lima Peru Temple,Dedicated,-12.06971300,-76.94889700,12°4'10"S,76°56'56"W,Av. Javier Prado Este 6420 Urb. Santa Patricia La Molina,Lima,Lima,12,Peru,(+51) 1-612-7200
Lindon Utah Temple,Under Construction,40.33730438,-111.69538380,40°20'14"N,111°41'43"W,Approximately 850 East Center Street,Lindon,Utah,,United States,
Lisbon Portugal Temple,Dedicated,38.77918700,-9.09878400,38°46'45"N,9°5'55"W,Avenida Dom João II 1990-364 Moscavide,Lisbon,,,Portugal,(+351) 308-811-650
Logan Utah Temple,Dedicated,41.73416100,-111.82794300,41°44'2"N,111°49'40"W,175 North 300 East,Logan,Utah,84321-4720,United States,(+1) 435-752-3611
London England Temple,Dedicated,51.16256600,-0.05218100,51°9'45"N,-0°3'7"E,West Park Road Newchapel,Lingfield,, RH7 6HW,United Kingdom,(+44) 1342 831-400
Londrina Brazil Temple,Announced,-23.34460281,-51.16018600,23°20'40"S,51°9'36"W,Avenida Harry Prochet Jardim São Jorge,Londrina,Paraná,,Brazil,
Lone Mountain Nevada Temple,Announced,36.23619575,-115.30418300,36°14'10"N,115°18'15"W,Lone Mountain,Las Vegas,Nevada,,United States,
Los Angeles California Temple,Dedicated,34.05280100,-118.43390900,34°3'10"N,118°26'2"W,10777 Santa Monica Boulevard,Los Angeles,California,90025-4718,United States,(+1) 310-474-5569
Louisville Kentucky Temple,Dedicated,38.32112000,-85.48884300,38°19'16"N,85°29'19"W,7116 West Highway 22,Crestwood,Kentucky,40014,United States,(+1) 502-241-4115
Lubbock Texas Temple,Dedicated,33.52896100,-101.94141300,33°31'44"N,101°56'29"W,7016 Frankford Avenue,Lubbock,Texas,79424,United States,(+1) 806-794-0774
Lubumbashi Democratic Republic of the Congo Temple,Under Construction,-11.64889247,27.46846100,11°38'56"S,27°28'6"E,Av. Kashobwe,Lubumbashi,,,Democratic Republic of the Congo,
Madrid Spain Temple,Dedicated,40.40009000,-3.63158000,40°24'0"N,3°37'53"W,Calle del Templo no. 2,Madrid,,ES-28030,Spain,(+34) 91-214-2607
Managua Nicaragua Temple,Under Construction,12.09094774,-86.23425200,12°5'27"N,86°14'3"W,Highway to Masaya,Managua,,,Nicaragua,
Manaus Brazil Temple,Dedicated,-3.07390700,-60.08933100,3°4'26"S,60°5'21"W,Avenida Coronel Texeira 3162 Ponta Negra,Manaus,Amazonas,69037-000,Brazil,(+55) 92-3212-7270
Manhattan New York Temple,Dedicated,40.77311200,-73.98162200,40°46'23"N,73°58'53"W,125 Columbus Avenue,New York,New York,10023-6514,United States,(+1) 917-441-8220
Manila Philippines Temple,Dedicated,14.60135600,121.06981800,14°36'4"N,121°4'11"E,13 Temple Drive Greenmeadows Subdivision,Quezon City,Metro Manila,1110,Philippines,(+63) 2-635-0954
Manti Utah Temple,Dedicated,39.27290600,-111.63376000,39°16'22"N,111°38'1"W,200 E 510 N,Manti,Utah,84642,United States,(+1) 435-835-2291
McAllen Texas Temple,Under Construction,26.26811800,-98.21112500,26°16'5"N,98°12'40"W,300 West Trenton Road,McAllen,Texas,,United States,
Medford Oregon Temple,Dedicated,42.37332400,-122.93274600,42°22'23"N,122°55'57"W,3900 Grant Road,Central Point,Oregon,97502,United States,(+1) 541-664-2050
Melbourne Australia Temple,Dedicated,-37.86877400,145.21262200,37°52'7"S,145°12'45"E,76 Cathies Lane,Wantirna South,Victoria,3152,Australia,(+61) 3-9881-9700
Memphis Tennessee Temple,Dedicated,35.24075200,-89.83933400,35°14'26"N,89°50'21"W,4199 Kirby-Whitten Parkway,Bartlett,Tennessee,38135,United States,(+1) 901-379-0202
Mendoza Argentina Temple,Under Construction,-32.86375700,-68.88159200,32°51'49"S,68°52'53"W,Avenida Champagnat,Las Heras,Mendoza,,Argentina,
Mérida Mexico Temple,Dedicated,20.96578400,-89.63106100,20°57'56"N,89°37'51"W,Calle 70 no. 527 Esquina 65 y 67 Colonia Centro,Mérida,Yucatán,97000,Mexico,(+52) 999-928-1643
Meridian Idaho Temple,Dedicated,43.67102200,-116.41511500,43°40'15"N,116°24'54"W,7355 North Linder Road,Meridian,Idaho,,United States,(+1) 208-957-7300
Mesa Arizona Temple,Dedicated,33.41287600,-111.81957100,33°24'46"N,111°49'10"W,101 South LeSueur,Mesa,Arizona,85204-1031,United States,(+1) 480-833-1211
Mexico City Benemérito Mexico Temple,Announced,19.53483530,-99.15091900,19°32'5"N,99°9'3"W,Tenayuca-Chalmita 828 Colonia Zona Escolar Gustavo A. Madero,Mexico City,,07230,Mexico,
Mexico City Mexico Temple,Dedicated,19.46590500,-99.08675400,19°27'57"N,99°5'12"W,Avenida 510 no. 90 Colonia San Juan de Aragón,Mexico City,Distrito Federal,07950,Mexico,(+52) 55-5003-3700
Miraflores Guatemala City Guatemala Temple,Under Construction,14.60723616,-90.54496700,14°36'26"N,90°32'41"W,13 Calle 5-56 Zona 11,Guatemala City,,,Guatemala,
Modesto California Temple,Announced,37.70279243,-121.04679000,37°42'10"N,121°2'48"W,Adjacent to 4300 Dale Road,Modesto,California,,United States,
Monterrey Mexico Temple,Dedicated,25.58936400,-100.25997500,25°35'21"N,100°15'35"W,Avenida Eugenio Garza Sada Esquina Privada Valle de la Estanzuela Colonia Valle Alto,Monterrey,Nuevo León,64989,Mexico,(+52) 81-8104-0635
Montevideo Uruguay Temple,Dedicated,-34.88844400,-56.07408800,34°53'18"S,56°4'26"W,Bolonia 1722 Carrasco,Montevideo,,11500,Uruguay,(+598) 2604-7300
Monticello Utah Temple,Dedicated,37.87791700,-109.34706600,37°52'40"N,109°20'49"W,365 North 200 West,Monticello,Utah,84535,United States,(+1) 435-587-3500
Montpelier Idaho Temple,Announced,42.31796632,-111.30172200,42°19'4"N,111°18'6"W,Washington Street,Montpelier,Idaho,,United States,
Montreal Quebec Temple,Dedicated,45.56333500,-73.49061600,45°33'48"N,73°29'26"W,1450 Boulevard Marie-Victorin,Longueuil,Quebec,J4G 1A4,Canada,(+1) 450-646-5775
Moses Lake Washington Temple,Under Construction,47.10344100,-119.27236200,47°6'12"N,119°16'20"W,,Moses Lake,Washington,,United States,
Mount Timpanogos Utah Temple,Dedicated,40.39316600,-111.77050900,40°23'35"N,111°46'13"W,742 North 900 East,American Fork,Utah,84003-9124,United States,(+1) 801-763-4540
Nairobi Kenya Temple,Under Construction,-1.26529552,36.73981600,1°15'55"S,36°44'23"E,Mountain View,Nairobi,,,Kenya,
Nashville Tennessee Temple,Dedicated,35.94883900,-86.86032900,35°56'55"N,86°51'37"W,1100 Gray Fox Lane,Franklin,Tennessee,37069,United States,(+1) 615-791-8668
Nauvoo Illinois Temple,Dedicated,40.55048000,-91.38437800,40°33'1"N,91°23'3"W,50 North Wells Street,Nauvoo,Illinois,62354,United States,(+1) 217-453-6252
Neiafu Tonga Temple,Under Construction,-18.64422855,-173.97760000,18°38'39"S,173°58'39"W,Tu?I Road,Neiafu,Vava'u,,Tonga,
Newport Beach California Temple,Dedicated,33.62962700,-117.84876600,33°37'46"N,117°50'55"W,2300 Bonita Canyon Drive,Newport Beach,California,92660-9118,United States,(+1) 949-644-1820
Nuku'alofa Tonga Temple,Dedicated,-21.16256100,-175.27232000,21°9'45"S,175°16'20"W,Loto Road Liahona,Nuku'alofa,Tongatapu,,Tonga,(+676) 20-300
Oakland California Temple,Dedicated,37.80802700,-122.19912000,37°48'28"N,122°11'56"W,4770 Lincoln Avenue,Oakland,California,94602-2535,United States,(+1) 510-531-3200
Oaxaca Mexico Temple,Dedicated,17.04155400,-96.71350300,17°2'29"N,96°42'48"W,Avenida Universidad no. 139 Fraccionamiento Real de Candiani,Oaxaca,Oaxaca,68130,Mexico,(+52) 951-516-9588
Ogden Utah Temple,Dedicated,41.22778600,-111.97150600,41°13'40"N,111°58'17"W,350 22nd Street,Ogden,Utah,84401-1487,United States,(+1) 801-621-6880
Okinawa Japan Temple,Under Construction,26.35828500,127.80171800,26°21'29"N,127°48'6"E,7-11 Matsumoto,Okinawa Shi,Okinawa-ken,,Japan,
Oklahoma City Oklahoma Temple,Dedicated,35.59184600,-97.72670000,35°35'30"N,97°43'36"W,12030 North Mustang Road,Yukon,Oklahoma,73099,United States,(+1) 405-373-2309
Oquirrh Mountain Utah Temple,Dedicated,40.55114500,-111.98751000,40°33'4"N,111°59'15"W,11022 South 4000 West,South Jordan,Utah,84095-5797,United States,(+1) 801-878-3800
Orem Utah Temple,Under Construction,40.27075500,-111.72091600,40°16'14"N,111°43'15"W,1471 South Geneva Road (approximate),Orem,Utah,,United States,
Orlando Florida Temple,Dedicated,28.50734800,-81.50957800,28°30'26"N,81°30'34"W,9000 Windy Ridge Road,Windermere,Florida,34786-8347,United States,(+1) 407-876-0022
Pachuca Mexico Temple,Announced,20.10227408,-98.76256900,20°6'8"N,98°45'45"W,,Pachuca,Hidalgo,,Mexico,
Pago Pago American Samoa Temple,Under Construction,-14.33395900,-170.73199000,14°20'2"S,170°43'55"W,Ottoville Road,Tafuna,Western District,96799,American Samoa,
Palmyra New York Temple,Dedicated,43.03914800,-77.23706300,43°2'20"N,77°14'13"W,2720 Temple Road,Palmyra,New York,14522,United States,(+1) 315-597-6001
Panama City Panama Temple,Dedicated,8.99146000,-79.57048000,8°59'29"N,79°34'13"W,Calle Rufina 3172,Ancón,Cárdenas,,Panama,(+507) 201-6233
Papeete Tahiti Temple,Dedicated,-17.53661800,-149.55601900,17°32'11"S,149°33'21"W,Route de Fautaua?Titioro,Papeete,Tahiti,98716,French Polynesia,(+689) 40-50-3939
Paris France Temple,Dedicated,48.81789200,2.12317100,48°49'4"N,2°7'23"E,46 Boulevard Saint-Antoine 15-21 rue du General Welvert,Le Chesnay,,78150,France,(+33) 970-73-70-00
Payson Utah Temple,Dedicated,40.01925800,-111.74917500,40°1'9"N,111°44'57"W,1494 South 930 West,Payson,Utah,,United States,(+1) 801-754-4949
Perth Australia Temple,Dedicated,-31.90690500,115.86983400,31°54'24"S,115°52'11"E,163-173 Wordsworth Avenue,Yokine,Western Australia,6060,Australia,(+61) 8-9276-0000
Philadelphia Pennsylvania Temple,Dedicated,39.95917400,-75.16807200,39°57'33"N,75°10'5"W,1739 Vine Street,Philadelphia,Pennsylvania,19103,United States,(+1) 215-398-3040
Phnom Penh Cambodia Temple,Under Construction,11.56989100,104.89570700,11°34'11"N,104°53'44"E,Russian Confederation Street,Phnom Penh,,,Cambodia,
Phoenix Arizona Temple,Dedicated,33.69855500,-112.17232900,33°41'54"N,112°10'20"W,5220 West Pinnacle Peak Road,Phoenix,Arizona,85310,United States,(+1) 623-474-9500
Pittsburgh Pennsylvania Temple,Under Construction,40.69404827,-80.14091800,40°41'38"N,80°8'27"W,2093 Powell Road,Cranberry Township,Pennsylvania,16066,United States,
Pocatello Idaho Temple,Dedicated,42.91525900,-112.40637400,42°54'54"N,112°24'22"W,3100 Butte Street,Pocatello,Idaho,83201-1828,United States,(+1) 208-646-7730
Port Moresby Papua New Guinea Temple,Announced,-9.47747400,147.17654600,9°28'38"S,147°10'35"E,Muniogo Crescent Badili,Port Moresby,,,Papua New Guinea,
Port Vila Vanuatu Temple,Announced,-17.70379129,168.30421000,17°42'13"S,168°18'15"E,Blacksands,Port Vila,,,Vanuatu,
Port-au-Prince Haiti Temple,Dedicated,18.52901700,-72.26814300,18°31'44"N,72°16'5"W,Route de Frères Delmas 105,Pétion-Ville,Port-au-Prince,,Haiti,(+509) 2262-5810
Portland Oregon Temple,Dedicated,45.42534500,-122.74222400,45°25'31"N,122°44'32"W,13600 SW Kruse Oaks Boulevard,Lake Oswego,Oregon,97035-8602,United States,(+1) 503-639-7066
Porto Alegre Brazil Temple,Dedicated,-30.03404700,-51.15786800,30°2'2"S,51°9'28"W,Rua General Salvador Pinheiro 50 Vila Jardim,Porto Alegre,Rio Grande do Sul,91320-240,Brazil,(+55) 51-2104-2700
Praia Cape Verde Temple,Dedicated,14.91878900,-23.51115700,14°55'7"N,23°30'40"W,Avenida Cidade de Lisboa Bairro Taiti,Praia,São Tiago,7600,Cape Verde,
Preston England Temple,Dedicated,53.67247600,-2.63127500,53°40'20"N,2°37'52"W,Temple Way Hartwood Green Chorley,Lancashire,, PR6 7EQ,United Kingdom,(+44) 1257-226-100
Provo City Center Temple,Dedicated,40.23266700,-111.65929900,40°13'57"N,111°39'33"W,50 South University Avenue,Provo,Utah,84601,United States,(+1) 801-343-2700
Provo Utah Temple,Dedicated,40.26366600,-111.63977900,40°15'49"N,111°38'23"W,2200 Temple Hill Drive,Provo,Utah,84604-1766,United States,(+1) 801-375-5775
Puebla Mexico Temple,Under Construction,19.08541800,-98.23551400,19°5'7"N,98°14'7"W,15 de Mayo Los Cipreses,Puebla,,,Mexico,
Querétaro Mexico Temple,Under Construction,20.61335562,-100.41061100,20°36'48"N,100°24'38"W,Prolongación Tecnológico Norte 150 Colonia San Pablo,Querétaro,Querétaro,76130,Mexico,
Quetzaltenango Guatemala Temple,Dedicated,14.84649300,-91.54251700,14°50'47"N,91°32'33"W,9a Calle 4-03 Zona 9 Frente a Residenciales Los Cerezos 1,Quetzaltenango,,09000,Guatemala,(+502) 7728-1603
Quito Ecuador Temple,Dedicated,-0.21371100,-78.44101800,-0°12'49"N,78°26'27"W,Calle Alfonso Lamiña y Avenida Ruta Viva Esquina Auqui Chico,Cumbayá,Quito,170904,Ecuador,(+593) 2-380-2960
Raleigh North Carolina Temple,Dedicated,35.73211100,-78.86154200,35°43'55"N,78°51'41"W,574 Bryan Drive,Apex,North Carolina,27502,United States,(+1) 919-362-4135
Recife Brazil Temple,Dedicated,-8.03639000,-34.91112300,8°2'11"S,34°54'40"W,Rua Dr. José de Góes 284 Parnamirim,Recife,Pernambuco,52060-380,Brazil,(+55) 81-2129-4300
Red Cliffs Utah Temple,Under Construction,37.08218400,-113.51974100,37°4'55"N,113°31'11"W,1555 South Red Cliffs Temple Street,St. George,Utah,,United States,
Redlands California Temple,Dedicated,34.04903700,-117.14057900,34°2'56"N,117°8'26"W,1761 5th Avenue,Redlands,California,92374,United States,(+1) 909-389-7369
Regina Saskatchewan Temple,Dedicated,50.42098100,-104.54168000,50°25'15"N,104°32'30"W,111 Wascana Gate North,Regina,Saskatchewan,S4V 2J6,Canada,(+1) 306-545-8194
Reno Nevada Temple,Dedicated,39.53461100,-119.89891300,39°32'4"N,119°53'56"W,2000 Beaumont Parkway,Reno,Nevada,89523,United States,(+1) 775-747-6688
Rexburg Idaho Temple,Dedicated,43.81092200,-111.77897900,43°48'39"N,111°46'44"W,750 South 2nd East,Rexburg,Idaho,83440-5404,United States,(+1) 208-656-0880
Ribeirão Preto Brazil Temple,Announced,-21.21599523,-47.80892500,21°12'57"S,47°48'32"W,Avenida Antônio Marçal and R. José Brandani,Ribeirão Preto,São Paulo,,Brazil,
Richmond Virginia Temple,Under Construction,37.67288400,-77.53537200,37°40'22"N,77°32'7"W,10915 Staples Mill Rd,Glen Allen,Virginia,,United States,
Rio de Janeiro Brazil Temple,Dedicated,-23.00089400,-43.39991800,23°0'3"S,43°23'59"W,Avenida das Américas 8547 Barra da Tijuca,Rio de Janeiro,Rio de Janeiro,22621-120,Brazil,(+55) 21-3906-46
Rome Italy Temple,Dedicated,41.97043700,12.54476400,41°58'13"N,12°32'41"E,Via di Settebagni 376,Rome,,,Italy,(+39) 06-9480-5050
Sacramento California Temple,Dedicated,38.63511600,-121.19392500,38°38'6"N,121°11'38"W,2110 California Circle,Rancho Cordova,California,95742,United States,(+1) 916-357-5870
Salt Lake Temple,Dedicated,40.77046800,-111.89195800,40°46'13"N,111°53'31"W,50 West North Temple Street,Salt Lake City,Utah,84150-0701,United States,(+1) 801-240-2640
Salta Argentina Temple,Under Construction,-24.83719700,-65.47000100,24°50'13"S,65°28'12"W,Ruta 51,Salta,,,Argentina,
Salvador Brazil Temple,Under Construction,-12.92925100,-38.38638600,12°55'45"S,38°23'10"W,Av. Luís Viana,Salvador,Bahia,,Brazil,
San Antonio Texas Temple,Dedicated,29.64148100,-98.48878900,29°38'29"N,98°29'19"W,20080 Stone Oak Parkway,San Antonio,Texas,78258-6920,United States,(+1) 210-538-0034
San Diego California Temple,Dedicated,32.86638900,-117.22876900,32°51'59"N,117°13'43"W,7474 Charmant Drive,San Diego,California,92122-5000,United States,(+1) 858-622-0991
San José Costa Rica Temple,Dedicated,9.98641800,-84.18483100,9°59'11"N,84°11'5"W,Del Hotel Marriott 600 Metros Oeste La Ribera de Belén,Heredia,,40702,Costa Rica,(+506) 2293-6681
San Juan Puerto Rico Temple,Dedicated,18.38562300,-66.02989600,18°23'8"N,66°1'47"W,123 Calle Ronda Urbanización Villa Andalucía,San Juan,,00926,Puerto Rico,(+1) 787-522-2070
San Luis Potosí Mexico Temple,Announced,22.15320582,-101.01515000,22°9'11"N,101°0'54"W,Arboleda 100 Fraccionamiento del Parque,San Luis Potosí,San Luis Potosí,78260,Mexico,
San Pedro Sula Honduras Temple,Under Construction,15.52254400,-88.03685600,15°31'21"N,88°2'12"W,Bulevar Mario Catarino Rivas,San Pedro Sula,Cortés,,Honduras,
San Salvador El Salvador Temple,Dedicated,13.68334700,-89.24682200,13°41'0"N,89°14'48"W,Avenida El Espino y Calle El Pedregal Colonia San Benito,Antiguo Cuscatlán,La Libertad,,El Salvador,(+503) 2520-2631
Santa Cruz Bolivia Temple,Announced,-17.73855162,-63.17467000,17°44'18"S,63°10'28"W,Avenida Quinto Anilla y Santa Rosa,Santa Cruz,,,Bolivia,
Santiago Chile Temple,Dedicated,-33.43617400,-70.60952100,33°26'10"S,70°36'34"W,Pocuro 1940 Providencia,Santiago,Región Metropolitana,664-1404,Chile,(+56) 22-340-5070
Santiago West Chile Temple,Announced,-33.49296743,-70.73638000,33°29'34"S,70°44'10"W,Primo de Rivera 1551 Comuna de Maipu,Santiago,,,Chile,
Santo Domingo Dominican Republic Temple,Dedicated,18.46656700,-69.91714400,18°27'59"N,69°55'1"W,Avenida Bolivar no. 825 Los Robles,Santo Domingo,Distrito Nacional,10106,Dominican Republic,(+1) 809-731-2000
Santos Brazil Temple,Announced,-23.94286335,-46.33419800,23°56'34"S,46°20'3"W,Avenida Doutor Waldemar Leão 305 Jabaquara,Santos,São Paulo,,Brazil,
São Paulo Brazil Temple,Dedicated,-23.58517400,-46.72276400,23°35'6"S,46°43'21"W,Avenida Professor Francisco Morato 2390 Caxingui,São Paulo,São Paulo,05512-900,Brazil,(+55) 11-3723-7600
São Paulo East Brazil Temple,Announced,-23.55518816,-46.54444000,23°33'18"S,46°32'39"W,Avenida Guilherme Giorgi 1091 Vila Carrão,São Paulo,SP,,Brazil,
Sapporo Japan Temple,Dedicated,43.02490000,141.44570000,43°1'29"N,141°26'44"E,1-6-1 Oyachi-Nishi Atsubetsu-ku,Sapporo,Hokkaid?,004-0042,Japan,(+81) 11-890-8120
Saratoga Springs Utah Temple,Under Construction,40.34422619,-111.93260700,40°20'39"N,111°55'57"W, 987 South Ensign Drive,Saratoga Springs,Utah,,United States,
Seattle Washington Temple,Dedicated,47.58407000,-122.14087600,47°35'2"N,122°8'27"W,2808 148th Avenue SE,Bellevue,Washington,98007-6453,United States,(+1) 425-643-5144
Seoul Korea Temple,Dedicated,37.55891300,126.93128600,37°33'32"N,126°55'52"E,500-23 Changcheon-dong Seodaemun-gu,Seoul-si,Seoul-teukbyeolsi,120-836,South Korea,(+82) 2-334-9100
Singapore Temple,Announced,1.27995248,103.78484200,1°16'47"N,103°47'5"E,233 Pasir Panjang Road,Singapore,,,Singapore,
Smithfield Utah Temple,Under Construction,41.84012916,-111.85267300,41°50'24"N,111°51'9"W,N 800 West and W 100 North,Smithfield,Utah,,United States,
Snowflake Arizona Temple,Dedicated,34.50249400,-110.11160700,34°30'8"N,110°6'41"W,1875 West Canyon Drive,Snowflake,Arizona,85937,United States,(+1) 928-536-6626
Spokane Washington Temple,Dedicated,47.62016300,-117.22069000,47°37'12"N,117°13'14"W,13710 East 40th Avenue,Spokane,Washington,99206,United States,(+1) 509-926-2824
St. George Utah Temple,Dedicated,37.10053500,-113.57804100,37°6'1"N,113°34'40"W,250 East 400 South,St. George,Utah,84770-3699,United States,(+1) 435-673-3533
St. Louis Missouri Temple,Dedicated,38.63965100,-90.46468500,38°38'22"N,90°27'52"W,12555 North Outer Forty Drive,St. Louis,Missouri,63141-8620,United States,(+1) 314-514-1122
St. Paul Minnesota Temple,Dedicated,44.98026100,-92.96519900,44°58'48"N,92°57'54"W,2150 Hadley Avenue North,Oakdale,Minnesota,55128-4505,United States,(+1) 651-748-5910
Star Valley Wyoming Temple,Dedicated,42.71207300,-110.93253200,42°42'43"N,110°55'57"W,885 South Washington Street,Afton,Wyoming,,United States,(+1) 307-886-6820
Stockholm Sweden Temple,Dedicated,59.12467600,18.10917700,59°7'28"N,18°6'33"E,Tempelvägen 5,Västerhaninge,,SE-13742,Sweden,(+46) 8-5006-5500
Suva Fiji Temple,Dedicated,-18.11970500,178.43855900,18°7'10"S,178°26'18"E,2-20 Lakeba Street,Samabula,Suva,,Fiji,(+679) 338-8952
Sydney Australia Temple,Dedicated,-33.77561700,151.05059200,33°46'32"S,151°3'2"E,756 Pennant Hills Road (Corner of Pennant Hills Road and Moseley Street),Carlingford,New South Wales,2118,Australia,(+61) 2-9841-5471
Syracuse Utah Temple,Under Construction,41.09993800,-112.07654200,41°5'59"N,112°4'35"W,1025 South 2500 West,Syracuse,Utah,84075,United States,
Taipei Taiwan Temple,Dedicated,25.03137700,121.52779400,25°1'52"N,121°31'40"E,256 Ai Kuo East Road,Taipei,, 106,Taiwan,(+886) 2-2192-4930
Tallahassee Florida Temple,Under Construction,30.52011700,-84.23822200,30°31'12"N,84°14'17"W,2440 Papillon Way,Tallahassee,Florida,,United States,
Tampa Florida Temple,Announced,27.86733023,-82.26687500,27°52'2"N,82°16'0"W,4806 Bell Shoals Road,Valrico,Florida,,United States,
Tampico Mexico Temple,Dedicated,22.25426200,-97.85586900,22°15'15"N,97°51'21"W,Avenida Ejército Mexicano no. 74 con 3A Avenida Colonia Lomas del Gallo,Ciudad Madero,Tamaulipas,89480,Mexico,(+52) 833-216-9660
Tarawa Kiribati Temple,Announced,1.34948484,173.04006100,1°20'58"N,173°2'24"E,Ambo,Tarawa,,,Kiribati,
Taylorsville Utah Temple,Under Construction,40.66671159,-111.95411000,40°40'0"N,111°57'14"W,2603 West 4700 South,Taylorsville,Utah,,United States,
Tegucigalpa Honduras Temple,Dedicated,14.05217400,-87.23801900,14°3'7"N,87°14'16"W,Residenciales Roble Oeste Boulevard Roble Oeste 3ra Calle Sur,Comayagüela,Francisco Morazán,,Honduras,(+504) 2264-1212
Teton River Idaho Temple,Announced,43.86084600,-111.78120600,43°51'39"N,111°46'52"W,Northwest of 2000 North and Salem Road,Rexburg,Idaho,,United States,
The Gila Valley Arizona Temple,Dedicated,32.86297100,-109.78997400,32°51'46"N,109°47'23"W,5291 West Highway 70,Central,Arizona,85531,United States,(+1) 928-428-7243
The Hague Netherlands Temple,Dedicated,52.05448700,4.50297900,52°3'16"N,4°30'10"E,Osijlaan 2,Zoetermeer,,NL-2722 CV,Netherlands,(+31) 79-343-5310
Tijuana Mexico Temple,Dedicated,32.48871300,-116.92944100,32°29'19"N,116°55'45"W,Paseo Del Rio 6832 Esquina Campestre Oriente Col 3 RA Etapa Rio Tijuana,Tijuana,Baja California,22226,Mexico,(+52) 664-969-2690
Tokyo Japan Temple,Dedicated,35.65283800,139.72453900,35°39'10"N,139°43'28"E,5-8-10 Minami Azabu Minato-Ku,Tokyo,, 106-0047,Japan,
Toronto Ontario Temple,Dedicated,43.74433800,-79.74605900,43°44'39"N,79°44'45"W,10060 Bramalea Road,Brampton,Ontario,L6R 1A1,Canada,(+1) 905-799-1122
Torreón Mexico Temple,Under Construction,25.55331849,-103.49922700,25°33'11"N,103°29'57"W,París and Amsterdam,Gómez Palacio,Durango,,Mexico,
Trujillo Peru Temple,Dedicated,-8.10014900,-79.05851500,8°6'0"S,79°3'30"W,Av. Mansiche Km 35 Carretera hacia Huanchaco,Trujillo,La Libertad,,Peru,(+51) 44-602-130
Tucson Arizona Temple,Dedicated,32.33845400,-110.94917400,32°20'18"N,110°56'57"W,7281 N Skyline Dr,Tucson,Arizona,85718,United States,(+1) 520-395-3900
Tuxtla Gutiérrez Mexico Temple,Dedicated,16.76416400,-93.15915500,16°45'50"N,93°9'32"W,Carretera a Chicoasen Chiapas Kilómetro 14 Esquina Paseo de la Roseta Fraccionamiento San José Chapultepec,Tuxtla Gutiérrez,Chiapas,29047,Mexico,(+52) 961-615-8287
Twin Falls Idaho Temple,Dedicated,42.58682700,-114.44150900,42°35'12"N,114°26'29"W,1405 Eastland Drive North,Twin Falls,Idaho,83301,United States,(+1) 208-736-7070
Urdaneta Philippines Temple,Under Construction,15.93856700,120.58176200,15°56'18"N,120°34'54"E,MacArthur Highway,Urdaneta,,,Philippines,
Vancouver British Columbia Temple,Dedicated,49.15121200,-122.65800900,49°9'4"N,122°39'28"W,20370 82nd Avenue,Langley,British Columbia,V2Y 2A9,Canada,(+1) 604-513-5933
Veracruz Mexico Temple,Dedicated,19.13441000,-96.10626000,19°8'3"N,96°6'22"W,Avenida Ejército Mexicano Esquina Michoacán Colonia Luís Echeverría,Boca del Río,Veracruz,94290,Mexico,(+52) 229-922-9621
Vernal Utah Temple,Dedicated,40.45320500,-109.53741300,40°27'11"N,109°32'14"W,170 South 400 West,Vernal,Utah,84078-2536,United States,(+1) 435-789-3220
Villahermosa Mexico Temple,Dedicated,17.98127600,-92.93737500,17°58'52"N,92°56'14"W,Avenida 27 de Febrero no. 1717 Colonia Atasta de Serra,Villahermosa,Tabasco,86100,Mexico,(+52) 993-352-2028
Washington D.C. Temple,Dedicated,39.01407900,-77.06562400,39°0'50"N,77°3'56"W,9900 Stoneybrook Drive,Kensington,Maryland,20895-3199,United States,(+1) 301-588-0650
Wellington New Zealand Temple,Announced,-41.12326075,174.85459000,41°7'23"S,174°51'16"E,Near Okowai Road and Whitford Brown Avenue Aotea,Porirua,,,New Zealand,
Willamette Valley Oregon Temple,Under Construction,44.08885894,-123.03278000,44°5'19"N,123°1'58"W,International Boulevard and Corporate Way,Springfield,Oregon,,United States,
Winnipeg Manitoba Temple,Dedicated,49.80054400,-97.19521200,49°48'1"N,97°11'42"W,15 Centre Street,Winnipeg,Manitoba,R3Y 2C3,Canada,(+1) 204-261-2200
Winter Quarters Nebraska Temple,Dedicated,41.33407500,-95.96619000,41°20'2"N,95°57'58"W,8283 North 34th Street,Omaha,Nebraska,68112-2114,United States,(+1) 402-453-3406
Yigo Guam Temple,Dedicated,13.54174100,144.89014300,13°32'30"N,144°53'24"E,321 Chalan Pale Ramon Lagu Rte 1,Yigo,,96929,Guam,(+1) 671-969-0055
Yorba Linda California Temple,Under Construction,33.89837490,-117.83472100,33°53'54"N,117°50'4"W,17130 Bastanchury Road,Yorba Linda,California,,United States,
